-0.485,-0.178,0.363,-0.003,0.005,-0.01,0,0,0,0,0,0
-0.485,-0.178,0.364,-0.003,0.005,-0.01,0,0,0,0,0,0
-0.485,-0.178,0.364,-0.003,0.005,-0.01,0,0,0,0,0,0
-0.485,-0.178,0.364,-0.003,0.005,-0.01,0,0,0,0,0,0
-0.485,-0.178,0.364,-0.003,0.005,-0.01,0,0,0,0,0,0
-0.485,-0.178,0.364,-0.003,0.005,-0.01,0,0,0,0,0,0
-0.485,-0.178,0.364,-0.003,0.005,-0.01,0,0,0,0,0,0
-0.485,-0.178,0.364,-0.003,0.005,-0.01,0,0,0,0,0,0
-0.485,-0.178,0.364,-0.003,0.005,-0.01,0,0,0,0,0,0
-0.485,-0.178,0.364,-0.003,0.005,-0.01,0,0,0,0,0,0
-0.485,-0.178,0.364,-0.003,0.005,-0.01,0,0,0,0,0,0
-0.485,-0.178,0.364,-0.003,0.005,-0.01,0,0,0,0,0,0
-0.485,-0.178,0.364,-0.003,0.005,-0.01,0,0,0,0,0,0
-0.485,-0.178,0.365,-0.003,0.005,-0.01,0,0,0,0,0,0
-0.484,-0.178,0.365,-0.003,0.005,-0.01,0,0,0,0,0,0
-0.484,-0.178,0.365,-0.003,0.005,-0.01,0,0,0,0,0,0
-0.484,-0.179,0.365,-0.003,0.005,-0.01,0,0,0,0,0,0
-0.484,-0.179,0.366,-0.003,0.005,-0.01,0,0,0,0,0,0
-0.484,-0.179,0.366,-0.003,0.005,-0.01,0,0,0,0,0,0
-0.484,-0.179,0.367,-0.003,0.005,-0.01,0,0,0,0,0,0
-0.484,-0.18,0.367,-0.003,0.005,-0.01,0,0,0,0,0,0
-0.484,-0.18,0.367,-0.003,0.005,-0.01,0,0,0,0,0,0
-0.484,-0.18,0.367,-0.003,0.005,-0.01,0,0,0,0,0,0
-0.484,-0.18,0.368,-0.003,0.005,-0.01,0,0,0.01,0,0,0
-0.484,-0.181,0.368,-0.003,0.005,-0.01,0,0,0,0,0,0
-0.484,-0.181,0.369,-0.003,0.005,-0.01,0,-0.01,0.01,0,0,0
-0.484,-0.182,0.37,-0.003,0.005,-0.01,0,0,0,0,0,0
-0.484,-0.182,0.37,-0.003,0.005,-0.01,0,0,0,0,0,0
-0.484,-0.182,0.37,-0.003,0.005,-0.01,0,-0.01,0.01,0,0,0
-0.484,-0.183,0.372,-0.004,0.005,-0.01,0,0,0,0,0,0
-0.484,-0.183,0.372,-0.004,0.005,-0.01,0,0,0,0,0,0
-0.484,-0.183,0.372,-0.004,0.005,-0.01,0,0,0,0,0,0
-0.484,-0.183,0.373,-0.004,0.005,-0.01,0,0,0,0,0,0
-0.484,-0.184,0.373,-0.004,0.005,-0.01,0,0,0,0,0,0
-0.484,-0.184,0.373,-0.004,0.005,-0.01,0,0,0,0,0,0
-0.484,-0.184,0.373,-0.004,0.005,-0.01,0,0,0,0,0,0
-0.484,-0.184,0.373,-0.004,0.005,-0.01,0,0,0,0,0,0
-0.484,-0.184,0.373,-0.004,0.005,-0.01,0,0,0,0,0,0
-0.484,-0.184,0.373,-0.004,0.005,-0.01,0,0,0,0,0,0
-0.484,-0.184,0.373,-0.004,0.005,-0.01,0,0,0,0,0,0
-0.484,-0.184,0.373,-0.004,0.005,-0.01,0,0,0,0,0,0
-0.484,-0.184,0.374,-0.004,0.005,-0.009,0,0,0,0,0,0
-0.484,-0.184,0.374,-0.004,0.005,-0.009,0,0,0,0,0,0
-0.484,-0.184,0.374,-0.004,0.005,-0.009,0,0,0,0,0,0
-0.484,-0.184,0.374,-0.004,0.005,-0.009,0,0,0,0,0,0
-0.484,-0.184,0.374,-0.004,0.005,-0.009,0,0,0,0,0,0
-0.484,-0.184,0.374,-0.004,0.005,-0.009,0,0,0.01,0,0,0
-0.483,-0.185,0.375,-0.004,0.005,-0.009,0,0,0.01,0,0,0
-0.483,-0.186,0.376,-0.004,0.005,-0.009,0,0,0,0,0,0
-0.483,-0.186,0.376,-0.004,0.005,-0.009,0,0,0.01,0,0,0
-0.484,-0.186,0.377,-0.004,0.005,-0.009,0,0,0,0,0,0
-0.484,-0.186,0.378,-0.004,0.005,-0.009,0,0,0,0,0,0
-0.484,-0.186,0.378,-0.004,0.005,-0.009,0,0,0.01,0,0,0
-0.484,-0.187,0.379,-0.004,0.005,-0.009,0,0,0,0,0,0
-0.484,-0.188,0.38,-0.004,0.005,-0.009,0,0,0,0,0,0
-0.484,-0.188,0.38,-0.004,0.005,-0.009,0,0,0,0,0,0
-0.483,-0.188,0.381,-0.004,0.005,-0.009,0,0,0,0,0,0
-0.483,-0.188,0.381,-0.004,0.005,-0.009,0,0,0,0,0,0
-0.483,-0.189,0.382,-0.004,0.005,-0.009,0,0,0,0,0,0
-0.483,-0.189,0.382,-0.004,0.005,-0.009,0,0,0,0,0,0
-0.483,-0.189,0.382,-0.004,0.005,-0.009,0,0,0.01,0,0,0
-0.483,-0.189,0.383,-0.004,0.005,-0.009,0,0,0,0,0,0
-0.483,-0.189,0.383,-0.004,0.005,-0.009,0,0,0,0,0,0
-0.483,-0.19,0.384,-0.004,0.005,-0.009,0,0,0,0,0,0
-0.483,-0.19,0.384,-0.004,0.005,-0.009,0,0,0,0,0,0
-0.483,-0.19,0.385,-0.004,0.005,-0.009,0,0,0,0,0,0
-0.483,-0.191,0.385,-0.004,0.005,-0.009,0,0,0,0,0,0
-0.483,-0.191,0.386,-0.004,0.005,-0.009,0,0,0,0,0,0
-0.483,-0.191,0.386,-0.004,0.005,-0.009,0,0,0.01,0,0,0
-0.483,-0.192,0.387,-0.004,0.005,-0.009,0,0,0,0,0,0
-0.483,-0.192,0.387,-0.004,0.005,-0.009,0,0,0,0,0,0
-0.483,-0.192,0.387,-0.004,0.005,-0.009,0,0,0,0,0,0
-0.483,-0.192,0.387,-0.004,0.005,-0.009,0,0,0,0,0,0
-0.483,-0.192,0.387,-0.004,0.005,-0.009,0,0,0,0,0,0
-0.483,-0.192,0.387,-0.004,0.005,-0.009,0,0,0,0,0,0
-0.483,-0.192,0.388,-0.004,0.005,-0.009,0,0,0,0,0,0
-0.483,-0.192,0.388,-0.004,0.005,-0.009,0,0,0,0,0,0
-0.483,-0.192,0.388,-0.004,0.005,-0.009,0,0,0,0,0,0
-0.483,-0.193,0.388,-0.004,0.005,-0.009,0,0,0,0,0,0
-0.483,-0.193,0.388,-0.004,0.005,-0.009,0,0,0,0,0,0
-0.483,-0.193,0.388,-0.005,0.005,-0.009,0,0,0,0,0,0
-0.483,-0.193,0.388,-0.005,0.005,-0.009,0,0,0,0,0,0
-0.483,-0.193,0.388,-0.005,0.005,-0.009,0,0,0,0,0,0
-0.483,-0.193,0.389,-0.005,0.005,-0.009,0,0,0,0,0,0
-0.483,-0.194,0.389,-0.005,0.005,-0.009,0,0,0,0,0,0
-0.483,-0.194,0.389,-0.005,0.005,-0.009,0,0,0,0,0,0
-0.483,-0.194,0.389,-0.005,0.005,-0.009,0,0,0,0,0,0
-0.482,-0.194,0.39,-0.005,0.005,-0.009,0,0,0,0,0,0
-0.482,-0.195,0.391,-0.005,0.005,-0.009,0,0,0,0,0,0
-0.482,-0.195,0.391,-0.005,0.005,-0.009,0,0,0,0,0,0
-0.482,-0.195,0.391,-0.005,0.005,-0.009,0,0,0,0,0,0
-0.482,-0.195,0.391,-0.005,0.005,-0.009,0,0,0,0,0,0
-0.482,-0.196,0.392,-0.005,0.005,-0.009,0,0,0,0,0,0
-0.482,-0.196,0.392,-0.005,0.005,-0.009,0,0,0,0,0,0
-0.482,-0.196,0.392,-0.005,0.005,-0.009,0,0,0,0,0,0
-0.482,-0.196,0.392,-0.005,0.005,-0.009,0,0,0,0,0,0
-0.482,-0.196,0.392,-0.005,0.005,-0.009,0,0,0,0,0,0
-0.482,-0.196,0.393,-0.005,0.005,-0.009,0,0,0,0,0,0
-0.482,-0.196,0.393,-0.005,0.005,-0.009,0,0,0,0,0,0
-0.482,-0.196,0.393,-0.005,0.005,-0.009,0,0,0,0,0,0
-0.482,-0.197,0.393,-0.005,0.005,-0.009,0,0,0,0,0,0
-0.482,-0.197,0.393,-0.005,0.005,-0.009,0,0,0,0,0,0
-0.482,-0.197,0.393,-0.005,0.005,-0.009,0,0,0,0,0,0
-0.482,-0.197,0.393,-0.005,0.005,-0.009,0,0,0,0,0,0
-0.482,-0.197,0.393,-0.005,0.005,-0.009,0,0,0,0,0,0
-0.482,-0.197,0.393,-0.005,0.005,-0.009,0,0,0,0,0,0
-0.482,-0.197,0.394,-0.005,0.005,-0.009,0,0,0,0,0,0
-0.482,-0.197,0.394,-0.005,0.005,-0.009,0,0,0,0,0,0
-0.482,-0.197,0.394,-0.005,0.005,-0.009,0,0,0,0,0,0
-0.482,-0.197,0.394,-0.005,0.005,-0.009,0,0,0,0,0,0
-0.482,-0.197,0.394,-0.005,0.005,-0.009,0,0,0,0,0,0
-0.482,-0.197,0.394,-0.005,0.005,-0.009,0,0,0,0,0,0
-0.482,-0.197,0.394,-0.005,0.005,-0.009,0,0,0,0,0,0
-0.482,-0.197,0.394,-0.005,0.005,-0.009,0,0,0,0,0,0
-0.481,-0.198,0.394,-0.005,0.005,-0.009,0,0,0,0,0,0
-0.481,-0.198,0.394,-0.005,0.005,-0.009,0,-0.01,0.01,0,0,0
-0.481,-0.199,0.395,-0.005,0.005,-0.009,0,0,0,0,0,0
-0.481,-0.199,0.395,-0.005,0.005,-0.009,0,-0.01,0.01,0,0,0
-0.481,-0.199,0.396,-0.005,0.005,-0.009,0,0,0,0,0,0
-0.481,-0.2,0.397,-0.005,0.005,-0.009,0,0,0,0,0,0
-0.481,-0.2,0.397,-0.005,0.005,-0.009,0,0,0.01,0,0,0
-0.481,-0.201,0.398,-0.005,0.005,-0.009,0,0,0,0,0,0
-0.481,-0.201,0.398,-0.005,0.005,-0.009,0,-0.01,0.01,0,0,0
-0.481,-0.202,0.399,-0.005,0.005,-0.009,0,0,0,0,0,0
-0.481,-0.202,0.399,-0.005,0.005,-0.009,0,0,0,0,0,0
-0.481,-0.202,0.399,-0.005,0.005,-0.009,0,0,0,0,0,0
-0.481,-0.202,0.4,-0.005,0.005,-0.009,0,0,0,0,0,0
-0.481,-0.202,0.4,-0.005,0.005,-0.009,0,0,0,0,0,0
-0.481,-0.202,0.4,-0.005,0.005,-0.009,0,0,0,0,0,0
-0.481,-0.202,0.4,-0.005,0.005,-0.009,0,0,0,0,0,0
-0.481,-0.202,0.4,-0.005,0.005,-0.009,0,0,0,0,0,0
-0.481,-0.202,0.4,-0.005,0.005,-0.009,0,0,0,0,0,0
-0.481,-0.203,0.4,-0.005,0.005,-0.009,0,0,0,0,0,0
-0.481,-0.203,0.4,-0.005,0.005,-0.009,0,0,0,0,0,0
-0.481,-0.203,0.4,-0.005,0.005,-0.009,0,0,0,0,0,0
-0.48,-0.203,0.401,-0.005,0.005,-0.009,0,0,0,0,0,0
-0.48,-0.203,0.401,-0.005,0.005,-0.009,0,0,0,0,0,0
-0.48,-0.203,0.401,-0.005,0.005,-0.009,0,0,0,0,0,0
-0.48,-0.203,0.401,-0.005,0.005,-0.009,0,0,0,0,0,0
-0.48,-0.204,0.402,-0.006,0.005,-0.009,0,0,0,0,0,0
-0.48,-0.204,0.402,-0.006,0.005,-0.009,0,0,0,0,0,0
-0.48,-0.204,0.402,-0.006,0.005,-0.009,0,0,0,0,0,0
-0.48,-0.204,0.402,-0.006,0.005,-0.009,0,0,0,0,0,0
-0.48,-0.204,0.403,-0.006,0.005,-0.009,0,0,0,0,0,0
-0.48,-0.205,0.403,-0.006,0.005,-0.009,0,0,0,0,0,0
-0.48,-0.205,0.404,-0.006,0.005,-0.009,0,0,0,0,0,0
-0.48,-0.205,0.404,-0.006,0.005,-0.009,0,0,0,0,0,0
-0.48,-0.205,0.404,-0.006,0.005,-0.009,0,0,0,0,0,0
-0.48,-0.206,0.405,-0.006,0.005,-0.009,0,0,0,0,0,0
-0.48,-0.206,0.405,-0.006,0.005,-0.009,0,0,0,0,0,0
-0.481,-0.206,0.405,-0.006,0.005,-0.009,0,0,0,0,0,0
-0.481,-0.206,0.405,-0.006,0.005,-0.009,0,0,0,0,0,0
-0.481,-0.206,0.406,-0.006,0.005,-0.009,0,0,0,0,0,0
-0.481,-0.206,0.406,-0.006,0.005,-0.009,0,0,0,0,0,0
-0.481,-0.206,0.406,-0.006,0.005,-0.009,0,0,0,0,0,0
-0.481,-0.206,0.406,-0.006,0.005,-0.009,0,0,0,0,0,0
-0.481,-0.206,0.406,-0.006,0.005,-0.009,0,0,0,0,0,0
-0.481,-0.206,0.406,-0.006,0.005,-0.009,0,0,0,0,0,0
-0.481,-0.207,0.406,-0.006,0.005,-0.009,0,0,0,0,0,0
-0.481,-0.207,0.406,-0.006,0.005,-0.009,0,0,0,0,0,0
-0.481,-0.207,0.407,-0.006,0.005,-0.009,0,0,0,0,0,0
-0.481,-0.207,0.407,-0.006,0.005,-0.009,0,0,0,0,0,0
-0.481,-0.207,0.407,-0.006,0.005,-0.009,0,0,0,0,0,0
-0.481,-0.207,0.407,-0.006,0.005,-0.009,0,0,0,0,0,0
-0.481,-0.207,0.407,-0.006,0.005,-0.009,0,0,0,0,0,0
-0.481,-0.207,0.407,-0.006,0.005,-0.009,0,0,0,0,0,0
-0.481,-0.207,0.407,-0.006,0.005,-0.009,0,0,0,0,0,0
-0.481,-0.207,0.407,-0.006,0.005,-0.009,0,0,0,0,0,0
-0.481,-0.208,0.408,-0.006,0.005,-0.009,0,0,0,0,0,0
-0.481,-0.208,0.408,-0.006,0.005,-0.009,0,0,0,0,0,0
-0.481,-0.208,0.408,-0.006,0.005,-0.009,0,0,0,0,0,0
-0.481,-0.208,0.408,-0.006,0.005,-0.009,0,0,0,0,0,0
-0.481,-0.208,0.408,-0.006,0.005,-0.009,0,0,0,0,0,0
-0.481,-0.208,0.408,-0.006,0.005,-0.009,0,0,0,0,0,0
-0.481,-0.208,0.408,-0.006,0.005,-0.009,0,0,0,0,0,0
-0.481,-0.208,0.408,-0.006,0.005,-0.009,0,0,0,0,0,0
-0.481,-0.208,0.409,-0.006,0.005,-0.009,0,0,0.01,0,0,0
-0.481,-0.209,0.41,-0.006,0.005,-0.009,0,0,0,0,0,0
-0.481,-0.209,0.41,-0.006,0.005,-0.009,0,-0.01,0.01,0,0,0
-0.482,-0.21,0.412,-0.006,0.005,-0.009,0,0,0.01,0,0,0
-0.482,-0.21,0.413,-0.006,0.005,-0.008,0,0,0,0,0,0
-0.482,-0.21,0.413,-0.006,0.005,-0.008,0,0,0,0,0,0
-0.482,-0.21,0.413,-0.006,0.005,-0.008,0,0,0.01,0,0,0
-0.482,-0.211,0.414,-0.006,0.005,-0.008,0,0,0,0,0,0
-0.482,-0.211,0.415,-0.006,0.005,-0.008,0,0,0,0,0,0
-0.482,-0.211,0.415,-0.006,0.005,-0.008,0,0,0,0,0,0
-0.482,-0.211,0.415,-0.006,0.005,-0.008,0,0,0.01,0,0,0
-0.483,-0.212,0.416,-0.006,0.005,-0.008,0,0,0,0,0,0
-0.483,-0.212,0.416,-0.006,0.005,-0.008,0,0,0,0,0,0
-0.483,-0.212,0.416,-0.006,0.005,-0.008,0,0,0,0,0,0
-0.483,-0.212,0.417,-0.006,0.005,-0.008,0,0,0,0,0,0
-0.483,-0.212,0.417,-0.006,0.005,-0.008,0,0,0,0,0,0
-0.483,-0.212,0.417,-0.006,0.005,-0.008,0,0,0,0,0,0
-0.483,-0.212,0.417,-0.006,0.005,-0.008,0,0,0,0,0,0
-0.483,-0.212,0.417,-0.006,0.005,-0.008,0,0,0,0,0,0
-0.483,-0.212,0.417,-0.006,0.005,-0.008,0,0,0,0,0,0
-0.483,-0.213,0.418,-0.006,0.005,-0.008,0,0,0,0,0,0
-0.483,-0.213,0.418,-0.006,0.005,-0.008,0,0,0,0,0,0
-0.483,-0.213,0.418,-0.006,0.005,-0.008,0,0,0,0,0,0
-0.483,-0.213,0.418,-0.006,0.005,-0.008,0,0,0,0,0,0
-0.484,-0.213,0.418,-0.006,0.005,-0.008,0,0,0,0,0,0
-0.484,-0.213,0.418,-0.006,0.005,-0.008,0,0,0,0,0,0
-0.484,-0.213,0.418,-0.006,0.005,-0.008,0,0,0.01,0,0,0
-0.484,-0.214,0.42,-0.006,0.005,-0.008,0,0,0,0,0,0
-0.484,-0.214,0.421,-0.007,0.005,-0.008,0,0,0,0,0,0
-0.484,-0.214,0.421,-0.007,0.005,-0.008,0,0,0,0,0,0
-0.483,-0.215,0.421,-0.007,0.005,-0.008,0,0,0,0,0,0
-0.483,-0.215,0.421,-0.007,0.005,-0.008,0,0,0,0,0,0
-0.483,-0.215,0.421,-0.007,0.005,-0.008,0,0,0,0,0,0
-0.483,-0.215,0.422,-0.007,0.005,-0.008,0,0,0.01,0,0,0
-0.484,-0.216,0.423,-0.007,0.005,-0.008,0,0,0,0,0,0
-0.484,-0.216,0.424,-0.007,0.005,-0.008,0,0,0,0,0,0
-0.484,-0.216,0.424,-0.007,0.005,-0.008,0,0,0,0,0,0
-0.484,-0.216,0.424,-0.007,0.005,-0.008,0,0,0,0,0,0
-0.484,-0.216,0.424,-0.007,0.005,-0.008,0,0,0,0,0,0
-0.484,-0.216,0.424,-0.007,0.005,-0.008,0,0,0,0,0,0
-0.484,-0.216,0.424,-0.007,0.005,-0.008,0,0,0,0,0,0
-0.484,-0.216,0.424,-0.007,0.005,-0.008,0,0,0,0,0,0
-0.484,-0.216,0.424,-0.007,0.005,-0.008,0,0,0,0,0,0
-0.484,-0.216,0.425,-0.007,0.005,-0.008,0,0,0,0,0,0
-0.484,-0.216,0.425,-0.007,0.005,-0.008,0,0,0,0,0,0
-0.484,-0.216,0.425,-0.007,0.005,-0.008,0,0,0,0,0,0
-0.484,-0.216,0.425,-0.007,0.005,-0.008,0,0,0,0,0,0
-0.484,-0.216,0.425,-0.007,0.005,-0.008,0,0,0,0,0,0
-0.484,-0.216,0.425,-0.007,0.005,-0.008,0,0,0,0,0,0
-0.484,-0.217,0.425,-0.007,0.005,-0.008,0,0,0,0,0,0
-0.484,-0.217,0.425,-0.007,0.005,-0.008,0,0,0.01,0,0,0
-0.484,-0.217,0.426,-0.007,0.005,-0.008,0,0,0,0,0,0
-0.484,-0.217,0.426,-0.007,0.005,-0.008,0,0,0,0,0,0
-0.484,-0.217,0.426,-0.007,0.005,-0.008,0,0,0,0,0,0
-0.484,-0.218,0.427,-0.007,0.005,-0.008,0,0,0,0,0,0
-0.484,-0.218,0.428,-0.007,0.005,-0.008,0,0,0,0,0,0
-0.484,-0.219,0.428,-0.007,0.005,-0.008,0,0,0,0,0,0
-0.484,-0.219,0.428,-0.007,0.005,-0.008,0,0,0,0,0,0
-0.484,-0.219,0.429,-0.007,0.005,-0.008,0,0,0,0,0,0
-0.484,-0.219,0.429,-0.007,0.005,-0.008,0,0,0,0,0,0
-0.484,-0.219,0.429,-0.007,0.005,-0.008,0,0,0,0,0,0
-0.484,-0.219,0.429,-0.007,0.005,-0.008,0,0,0,0,0,0
-0.484,-0.22,0.43,-0.007,0.005,-0.008,0,0,0,0,0,0
-0.484,-0.22,0.43,-0.007,0.005,-0.008,0,0,0,0,0,0
-0.484,-0.22,0.43,-0.007,0.005,-0.008,0,0,0,0,0,0
-0.484,-0.22,0.43,-0.007,0.005,-0.008,0,0,0,0,0,0
-0.484,-0.22,0.43,-0.007,0.005,-0.008,0,0,0,0,0,0
-0.484,-0.22,0.43,-0.007,0.005,-0.008,0,0,0,0,0,0
-0.484,-0.22,0.43,-0.007,0.005,-0.008,0,0,0,0,0,0
-0.484,-0.22,0.43,-0.007,0.005,-0.008,0,0,0,0,0,0
-0.484,-0.22,0.43,-0.007,0.005,-0.008,0,0,0,0,0,0
-0.484,-0.22,0.43,-0.007,0.005,-0.008,0,0,0,0,0,0
-0.483,-0.22,0.43,-0.007,0.005,-0.008,0,0,0,0,0,0
-0.483,-0.22,0.43,-0.007,0.005,-0.008,0,0,0,0,0,0
-0.483,-0.22,0.43,-0.007,0.005,-0.008,0,0,0,0,0,0
-0.483,-0.221,0.43,-0.007,0.005,-0.008,0,0,0,0,0,0
-0.483,-0.221,0.43,-0.007,0.005,-0.008,0,0,0,0,0,0
-0.482,-0.221,0.43,-0.007,0.005,-0.008,0,0,0,0,0,0
-0.482,-0.221,0.43,-0.007,0.005,-0.008,0,0,0,0,0,0
-0.482,-0.221,0.43,-0.007,0.005,-0.008,0,0,0,0,0,0
-0.482,-0.221,0.431,-0.007,0.005,-0.008,0,0,0,0,0,0
-0.482,-0.221,0.431,-0.007,0.005,-0.008,0,0,0,0,0,0
-0.482,-0.222,0.431,-0.007,0.005,-0.008,0,0,0,0,0,0
-0.482,-0.222,0.432,-0.008,0.005,-0.008,0,0,0,0,0,0
-0.482,-0.222,0.432,-0.008,0.005,-0.008,0,0,0,0,0,0
-0.482,-0.222,0.432,-0.008,0.005,-0.008,0,0,0,0,0,0
-0.482,-0.222,0.432,-0.008,0.005,-0.008,0,0,0,0,0,0
-0.482,-0.222,0.432,-0.008,0.005,-0.008,0,0,0,0,0,0
-0.482,-0.222,0.432,-0.008,0.005,-0.008,0,0,0,0,0,0
-0.482,-0.222,0.432,-0.008,0.005,-0.008,0,0,0,0,0,0
-0.482,-0.222,0.432,-0.008,0.005,-0.008,0,0,0,0,0,0
-0.482,-0.223,0.433,-0.008,0.005,-0.008,0,0,0,0,0,0
-0.482,-0.223,0.433,-0.008,0.005,-0.008,0,0,0,0,0,0
-0.482,-0.223,0.433,-0.008,0.005,-0.008,0,0,0,0,0,0
-0.482,-0.223,0.432,-0.008,0.005,-0.008,0.01,0,-0.01,0,0,0
-0.479,-0.223,0.43,-0.008,0.005,-0.008,0.01,0,0,0,0,0
-0.478,-0.223,0.43,-0.008,0.005,-0.008,0.01,0,0,0,0,0
-0.478,-0.224,0.429,-0.008,0.005,-0.008,0,0,0.01,0,0,0
-0.478,-0.224,0.43,-0.008,0.005,-0.009,-0.01,0,0.01,0,0,0
-0.479,-0.224,0.433,-0.008,0.005,-0.009,0,0,0,0,0,0
-0.479,-0.224,0.433,-0.008,0.005,-0.009,0,0,0,0,0,0
-0.48,-0.224,0.434,-0.008,0.005,-0.009,0,0,0,0,0,0
-0.48,-0.224,0.434,-0.008,0.005,-0.009,0,0,0,0,0,0
-0.48,-0.224,0.434,-0.008,0.005,-0.009,0,0,0,0,0,0
-0.48,-0.224,0.434,-0.008,0.005,-0.009,0,0,0,0,0,0
-0.48,-0.224,0.434,-0.008,0.005,-0.009,0,0,0,0,0,0
-0.48,-0.224,0.434,-0.008,0.005,-0.009,0,0,0,0,0,0
-0.48,-0.224,0.434,-0.008,0.004,-0.009,0,0,0,0,0,0
-0.48,-0.224,0.434,-0.008,0.004,-0.009,0,0,0,0,0,0
-0.48,-0.224,0.434,-0.008,0.004,-0.009,0,0,0,0,0,0
-0.48,-0.224,0.434,-0.008,0.004,-0.009,0,0,0,0,0,0
-0.48,-0.224,0.434,-0.008,0.004,-0.009,0,0,0,0,0,0
-0.48,-0.224,0.434,-0.008,0.004,-0.009,0,0,0,0,0,0
-0.48,-0.224,0.435,-0.008,0.004,-0.009,0,0,0,0,0,0
-0.48,-0.224,0.435,-0.008,0.004,-0.009,0,0,0,0,0,0
-0.48,-0.224,0.435,-0.008,0.004,-0.009,0,0,0,0,0,0
-0.48,-0.224,0.435,-0.008,0.004,-0.009,0,0,0,0,0,0
-0.48,-0.224,0.435,-0.008,0.004,-0.009,0,0,0,0,0,0
-0.48,-0.224,0.435,-0.008,0.004,-0.009,0,0,0,0,0,0
-0.48,-0.224,0.435,-0.008,0.004,-0.009,0,0,0,0,0,0
-0.48,-0.225,0.436,-0.008,0.004,-0.009,0,0,0,0,0,0
-0.48,-0.225,0.436,-0.008,0.004,-0.009,0,0,0,0,0,0
-0.48,-0.225,0.436,-0.008,0.004,-0.009,0,0,0,0,0,0
-0.48,-0.225,0.436,-0.008,0.004,-0.009,0,0,0,0,0,0
-0.48,-0.225,0.436,-0.008,0.004,-0.009,0,0,0,0,0,0
-0.48,-0.225,0.437,-0.008,0.004,-0.009,0,0,0,0,0,0
-0.48,-0.225,0.437,-0.008,0.004,-0.009,0,0,0,0,0,0
-0.48,-0.225,0.437,-0.008,0.004,-0.009,0.01,0,-0.01,0,0,0
-0.479,-0.225,0.436,-0.008,0.004,-0.009,0,0,0,0,0,0
-0.478,-0.225,0.435,-0.008,0.004,-0.009,0.01,0,0,0,0,0
-0.477,-0.225,0.434,-0.008,0.004,-0.009,0,0,0,0,0,0
-0.477,-0.225,0.434,-0.008,0.004,-0.009,0,0,0,0,0,0
-0.477,-0.225,0.434,-0.008,0.004,-0.009,0,0,0,0,0,0
-0.477,-0.225,0.434,-0.008,0.004,-0.009,0,0,0,0,0,0
-0.477,-0.226,0.434,-0.008,0.004,-0.009,0,0,0,0,0,0
-0.477,-0.226,0.434,-0.008,0.004,-0.009,0,0,0,0,0,0
-0.477,-0.226,0.434,-0.008,0.004,-0.009,0,0,0,0,0,0
-0.477,-0.226,0.434,-0.008,0.004,-0.009,0,0,0,0,0,0
-0.477,-0.226,0.434,-0.008,0.004,-0.009,0,0,0,0,0,0
-0.477,-0.226,0.435,-0.008,0.004,-0.009,0,0,0,0,0,0
-0.477,-0.226,0.435,-0.008,0.004,-0.009,0,0,0,0,0,0
-0.477,-0.226,0.435,-0.008,0.004,-0.009,0,0,0,0,0,0
-0.477,-0.226,0.436,-0.008,0.004,-0.009,0,0,0,0,0,0
-0.478,-0.226,0.436,-0.008,0.004,-0.009,0,0,0,0,0,0
-0.478,-0.226,0.436,-0.008,0.004,-0.009,0,0,0,0,0,0
-0.478,-0.226,0.436,-0.008,0.004,-0.009,0,0,0,0,0,0
-0.478,-0.226,0.436,-0.008,0.004,-0.009,0,0,0,0,0,0
-0.478,-0.226,0.436,-0.008,0.004,-0.009,0,0,0,0,0,0
-0.478,-0.226,0.437,-0.008,0.004,-0.009,0,0,0,0,0,0
-0.478,-0.226,0.437,-0.008,0.004,-0.009,0,0,0,0,0,0
-0.477,-0.226,0.437,-0.008,0.004,-0.009,0,0,0,0,0,0
-0.477,-0.226,0.438,-0.008,0.004,-0.009,0,0,0,0,0,0
-0.477,-0.226,0.438,-0.008,0.004,-0.009,0,0,0,0,0,0
-0.476,-0.226,0.437,-0.008,0.004,-0.009,0,0,0,0,0,0
-0.476,-0.226,0.437,-0.008,0.004,-0.009,0,0,0,0,0,0
-0.475,-0.226,0.437,-0.008,0.004,-0.009,0,0,0,0,0,0
-0.475,-0.226,0.437,-0.008,0.004,-0.009,0,0,0,0,0,0
-0.475,-0.227,0.436,-0.008,0.004,-0.009,0,0,0,0,0,0
-0.475,-0.227,0.436,-0.008,0.004,-0.009,0,0,0,0,0,0
-0.475,-0.227,0.436,-0.008,0.004,-0.009,0,0,0,0,0,0
-0.474,-0.227,0.436,-0.008,0.004,-0.009,0,0,0,0,0,0
-0.474,-0.227,0.436,-0.008,0.004,-0.009,0,0,0,0,0,0
-0.474,-0.227,0.436,-0.008,0.004,-0.009,0,0,0,0,0,0
-0.474,-0.227,0.436,-0.008,0.004,-0.009,0,0,0,0,0,0
-0.474,-0.227,0.436,-0.008,0.004,-0.009,0,0,0,0,0,0
-0.474,-0.227,0.436,-0.008,0.004,-0.009,0,0,0,0,0,0
-0.474,-0.227,0.436,-0.008,0.004,-0.009,0,0,0,0,0,0
-0.474,-0.227,0.436,-0.008,0.004,-0.009,0,0,0,0,0,0
-0.474,-0.227,0.436,-0.008,0.004,-0.009,0,0,0,0,0,0
-0.474,-0.227,0.436,-0.008,0.004,-0.009,0,0,0,0,0,0
-0.474,-0.227,0.436,-0.008,0.004,-0.009,0,0,0,0,0,0
-0.474,-0.227,0.436,-0.008,0.004,-0.009,0.01,0,0,0,0,0
-0.473,-0.227,0.436,-0.008,0.004,-0.009,0.01,0,-0.01,0,0,0
-0.472,-0.227,0.435,-0.009,0.004,-0.009,0,0,0,0,0,0
-0.472,-0.227,0.435,-0.009,0.004,-0.009,0,0,0,0,0,0
-0.471,-0.227,0.435,-0.009,0.004,-0.009,0,0,0,0,0,0
-0.472,-0.227,0.435,-0.009,0.004,-0.009,0,0,0.01,0,0,0
-0.472,-0.227,0.436,-0.009,0.004,-0.009,0,0,0,0,0,0
-0.472,-0.227,0.436,-0.009,0.004,-0.009,0,0,0,0,0,0
-0.472,-0.227,0.436,-0.009,0.004,-0.009,0,0,0,0,0,0
-0.472,-0.227,0.436,-0.009,0.004,-0.009,0,0,0,0,0,0
-0.472,-0.227,0.436,-0.009,0.004,-0.009,0,0,0,0,0,0
-0.472,-0.227,0.436,-0.009,0.004,-0.009,0,0,0,0,0,0
-0.472,-0.227,0.436,-0.009,0.004,-0.009,0,0,0,0,0,0
-0.472,-0.227,0.436,-0.009,0.004,-0.009,0,0,0,0,0,0
-0.471,-0.227,0.436,-0.009,0.004,-0.009,0,0,0,0,0,0
-0.471,-0.227,0.436,-0.009,0.004,-0.009,0,0,0,0,0,0
-0.471,-0.227,0.435,-0.009,0.004,-0.009,0.01,0,-0.01,0,0,0
-0.469,-0.227,0.434,-0.009,0.004,-0.009,0,0,0,0,0,0
-0.469,-0.227,0.434,-0.009,0.004,-0.009,0,0,0,0,0,0
-0.469,-0.227,0.434,-0.009,0.004,-0.009,0,0,0,0,0,0
-0.469,-0.227,0.434,-0.009,0.004,-0.009,0,0,0,0,0,0
-0.469,-0.227,0.435,-0.009,0.004,-0.009,0,0,0,0,0,0
-0.469,-0.227,0.435,-0.009,0.004,-0.009,0,0,0,0,0,0
-0.469,-0.227,0.434,-0.009,0.004,-0.009,0,0,0,0,0,0
-0.469,-0.227,0.434,-0.009,0.004,-0.009,0,0,0,0,0,0
-0.468,-0.227,0.434,-0.009,0.004,-0.009,0,0,0,0,0,0
-0.468,-0.227,0.434,-0.009,0.004,-0.009,0,0,0,0,0,0
-0.468,-0.227,0.434,-0.009,0.004,-0.009,0,0,0,0,0,0
-0.468,-0.227,0.434,-0.009,0.004,-0.009,0,0,0,0,0,0
-0.468,-0.227,0.434,-0.009,0.004,-0.009,0,0,0,0,0,0
-0.468,-0.227,0.434,-0.009,0.004,-0.009,0,0,0,0,0,0
-0.468,-0.227,0.433,-0.009,0.004,-0.009,0,0,0,0,0,0
-0.468,-0.227,0.433,-0.009,0.004,-0.009,0,0,0,0,0,0
-0.468,-0.227,0.433,-0.009,0.004,-0.009,0,0,0,0,0,0
-0.468,-0.227,0.433,-0.009,0.004,-0.009,0,0,0,0,0,0
-0.467,-0.227,0.433,-0.009,0.004,-0.009,0,0,0,0,0,0
-0.467,-0.227,0.433,-0.009,0.004,-0.009,0,0,0,0,0,0
-0.467,-0.227,0.433,-0.009,0.004,-0.009,0,0,0,0,0,0
-0.467,-0.227,0.433,-0.009,0.004,-0.009,0,0,0,0,0,0
-0.467,-0.227,0.433,-0.009,0.004,-0.009,0,0,0,0,0,0
-0.467,-0.227,0.433,-0.009,0.004,-0.009,0,0,0,0,0,0
-0.467,-0.227,0.433,-0.009,0.004,-0.009,0,0,0,0,0,0
-0.467,-0.227,0.433,-0.009,0.004,-0.009,0,0,0,0,0,0
-0.467,-0.227,0.433,-0.009,0.004,-0.009,0,0,0,0,0,0
-0.467,-0.227,0.432,-0.009,0.004,-0.009,0,0,0,0,0,0
-0.467,-0.227,0.432,-0.009,0.004,-0.009,0,0,0,0,0,0
-0.467,-0.227,0.432,-0.009,0.004,-0.009,0,0,0,0,0,0
-0.467,-0.227,0.433,-0.009,0.004,-0.009,0,0,0,0,0,0
-0.467,-0.227,0.433,-0.009,0.004,-0.009,0,0,0,0,0,0
-0.467,-0.227,0.433,-0.009,0.004,-0.009,0,0,0,0,0,0
-0.467,-0.227,0.433,-0.009,0.004,-0.009,0,0,0,0,0,0
-0.467,-0.227,0.433,-0.009,0.004,-0.009,0,0,0.01,0,0,0
-0.468,-0.227,0.434,-0.009,0.004,-0.009,0,0,0,0,0,0
-0.467,-0.227,0.434,-0.009,0.004,-0.009,0.01,0,-0.01,0,0,0
-0.466,-0.227,0.433,-0.009,0.004,-0.009,0,0,0,0,0,0
-0.466,-0.227,0.432,-0.009,0.004,-0.009,0,0,-0.01,0,0,0
-0.465,-0.227,0.431,-0.009,0.004,-0.009,0,0,0,0,0,0
-0.465,-0.227,0.431,-0.009,0.004,-0.009,0.01,0,-0.01,0,0,0
-0.464,-0.227,0.43,-0.009,0.004,-0.009,0,0,0,0,0,0
-0.464,-0.227,0.429,-0.009,0.004,-0.009,0,0,0,0,0,0
-0.464,-0.227,0.429,-0.009,0.004,-0.009,0,0,0,0,0,0
-0.464,-0.227,0.429,-0.009,0.004,-0.009,0,0,0,0,0,0
-0.463,-0.227,0.429,-0.009,0.004,-0.009,0,0,0,0,0,0
-0.463,-0.227,0.429,-0.009,0.004,-0.009,0,0,0,0,0,0
-0.463,-0.227,0.429,-0.009,0.004,-0.009,0,0,0,0,0,0
-0.463,-0.227,0.429,-0.009,0.004,-0.009,0,0,0,0,0,0
-0.463,-0.227,0.429,-0.009,0.004,-0.009,0,0,0,0,0,0
-0.463,-0.227,0.429,-0.009,0.004,-0.009,0,0,0,0,0,0
-0.463,-0.227,0.429,-0.009,0.004,-0.009,0,0,0,0,0,0
-0.463,-0.227,0.429,-0.009,0.004,-0.009,0,0,0,0,0,0
-0.464,-0.227,0.43,-0.009,0.004,-0.009,0,0,0,0,0,0
-0.464,-0.227,0.43,-0.009,0.004,-0.009,0,0,0,0,0,0
-0.464,-0.227,0.43,-0.009,0.004,-0.009,0,0,0,0,0,0
-0.464,-0.227,0.43,-0.009,0.004,-0.009,0,0,0,0,0,0
-0.464,-0.227,0.43,-0.009,0.004,-0.009,0,0,0,0,0,0
-0.464,-0.227,0.43,-0.009,0.004,-0.009,0,0,0,0,0,0
-0.464,-0.227,0.43,-0.009,0.004,-0.009,0,0,0,0,0,0
-0.464,-0.227,0.43,-0.009,0.004,-0.009,0,0,0,0,0,0
-0.464,-0.227,0.43,-0.009,0.004,-0.009,0,0,0,0,0,0
-0.464,-0.227,0.43,-0.009,0.004,-0.009,0,0,0,0,0,0
-0.464,-0.227,0.43,-0.009,0.004,-0.009,0,0,0,0,0,0
-0.464,-0.227,0.43,-0.009,0.004,-0.009,0,0,0,0,0,0
-0.464,-0.227,0.43,-0.009,0.004,-0.009,0,0,0,0,0,0
-0.464,-0.227,0.43,-0.009,0.004,-0.009,0,0,0,0,0,0
-0.464,-0.227,0.43,-0.009,0.004,-0.009,0,0,0,0,0,0
-0.464,-0.227,0.43,-0.009,0.004,-0.009,0,0,0,0,0,0
-0.464,-0.227,0.43,-0.009,0.004,-0.009,0,0,0,0,0,0
-0.464,-0.227,0.43,-0.009,0.004,-0.009,0,0,0,0,0,0
-0.464,-0.227,0.43,-0.009,0.004,-0.009,0,0,0,0,0,0
-0.464,-0.227,0.43,-0.009,0.004,-0.009,0,0,0,0,0,0
-0.464,-0.227,0.43,-0.009,0.004,-0.009,0,0,0,0,0,0
-0.464,-0.227,0.43,-0.009,0.004,-0.009,0,0,0,0,0,0
-0.464,-0.227,0.43,-0.009,0.004,-0.009,0,0,0,0,0,0
-0.464,-0.227,0.43,-0.009,0.004,-0.009,0,0,0,0,0,0
-0.464,-0.227,0.43,-0.009,0.004,-0.009,0,0,0,0,0,0
-0.464,-0.227,0.43,-0.009,0.004,-0.009,0,0,0,0,0,0
-0.464,-0.227,0.43,-0.009,0.004,-0.009,0,0,0,0,0,0
-0.464,-0.227,0.43,-0.009,0.004,-0.009,0,0,0,0,0,0
-0.464,-0.227,0.43,-0.009,0.004,-0.009,0,0,0,0,0,0
-0.464,-0.227,0.43,-0.009,0.004,-0.009,0,0,0,0,0,0
-0.464,-0.227,0.43,-0.009,0.004,-0.009,0,0,0,0,0,0
-0.464,-0.227,0.43,-0.009,0.004,-0.009,0.01,0,-0.01,0,0,0
-0.463,-0.227,0.428,-0.009,0.004,-0.009,0,0,0,0,0,0
-0.462,-0.227,0.428,-0.009,0.004,-0.009,0,0,0,0,0,0
-0.462,-0.227,0.428,-0.009,0.004,-0.009,0,0,0,0,0,0
-0.462,-0.227,0.428,-0.009,0.004,-0.009,0,0,0,0,0,0
-0.462,-0.227,0.428,-0.009,0.004,-0.009,0,0,0,0,0,0
-0.462,-0.227,0.427,-0.009,0.004,-0.009,0,0,0,0,0,0
-0.462,-0.227,0.427,-0.009,0.004,-0.009,0,0,0,0,0,0
-0.462,-0.227,0.427,-0.009,0.004,-0.009,0,0,0,0,0,0
-0.461,-0.227,0.427,-0.009,0.004,-0.009,0,0,0,0,0,0
-0.461,-0.227,0.426,-0.009,0.004,-0.009,0,0,0,0,0,0
-0.461,-0.227,0.426,-0.009,0.004,-0.009,0,0,0,0,0,0
-0.461,-0.227,0.426,-0.009,0.004,-0.009,0,0,0,0,0,0
-0.461,-0.227,0.426,-0.009,0.004,-0.009,0,0,0,0,0,0
-0.461,-0.227,0.426,-0.009,0.004,-0.009,0,0,0,0,0,0
-0.461,-0.227,0.426,-0.009,0.004,-0.009,0,0,0,0,0,0
-0.461,-0.227,0.426,-0.009,0.004,-0.009,0,0,0,0,0,0
-0.461,-0.227,0.426,-0.009,0.004,-0.009,0,0,0,0,0,0
-0.461,-0.227,0.426,-0.009,0.004,-0.009,0,0,0,0,0,0
-0.461,-0.227,0.425,-0.009,0.004,-0.009,0,0,0,0,0,0
-0.46,-0.227,0.425,-0.009,0.004,-0.009,0,0,0,0,0,0
-0.46,-0.227,0.424,-0.009,0.004,-0.009,0,0,0,0,0,0
-0.46,-0.227,0.424,-0.009,0.004,-0.009,0,0,0,0,0,0
-0.46,-0.227,0.424,-0.009,0.004,-0.009,0.01,0,-0.01,0,0,0
-0.459,-0.227,0.423,-0.009,0.004,-0.009,0.01,0,-0.01,0,0,0
-0.457,-0.227,0.421,-0.009,0.004,-0.009,0,0,0,0,0,0
-0.457,-0.227,0.421,-0.009,0.004,-0.009,0,0,-0.01,0,0,0
-0.457,-0.227,0.42,-0.009,0.004,-0.009,0,0,0,0,0,0
-0.457,-0.227,0.42,-0.009,0.004,-0.009,0,0,0,0,0,0
-0.457,-0.227,0.42,-0.009,0.004,-0.009,0,0,0,0,0,0
-0.457,-0.227,0.42,-0.009,0.004,-0.009,0,0,0,0,0,0
-0.456,-0.227,0.419,-0.009,0.004,-0.009,0,0,0,0,0,0
-0.456,-0.227,0.419,-0.009,0.004,-0.009,0,0,0,0,0,0
-0.456,-0.227,0.419,-0.009,0.004,-0.009,0,0,0,0,0,0
-0.456,-0.227,0.419,-0.009,0.004,-0.009,0,0,0,0,0,0
-0.456,-0.227,0.419,-0.009,0.004,-0.009,0,0,0,0,0,0
-0.456,-0.227,0.419,-0.009,0.004,-0.009,0.01,0,-0.01,0,0,0
-0.455,-0.227,0.418,-0.009,0.004,-0.009,0,0,0,0,0,0
-0.455,-0.227,0.418,-0.009,0.004,-0.009,0,0,0,0,0,0
-0.455,-0.227,0.418,-0.009,0.004,-0.009,0,0,0,0,0,0
-0.455,-0.227,0.418,-0.009,0.004,-0.009,0,0,0,0,0,0
-0.455,-0.227,0.417,-0.009,0.004,-0.009,0,0,0,0,0,0
-0.455,-0.227,0.417,-0.009,0.004,-0.009,0.01,0,-0.01,0,0,0
-0.454,-0.227,0.416,-0.009,0.004,-0.009,0.01,0,-0.01,0,0,0
-0.453,-0.227,0.414,-0.009,0.004,-0.009,0.01,0,-0.01,0,0,0
-0.452,-0.227,0.413,-0.009,0.004,-0.009,0,0,0,0,0,0
-0.452,-0.227,0.413,-0.009,0.004,-0.009,0,0,0,0,0,0
-0.451,-0.227,0.412,-0.009,0.004,-0.009,0,0,-0.01,0,0,0
-0.451,-0.227,0.411,-0.009,0.004,-0.009,0,0,0,0,0,0
-0.451,-0.227,0.411,-0.009,0.004,-0.009,0.01,0,-0.01,0,0,0
-0.449,-0.227,0.409,-0.009,0.004,-0.009,0,0,0,0,0,0
